{
    "model_name": "Linear Regression",
    "timestamp": "2025-10-27T16:16:29.209582",
    "metrics": {
        "MSE": 2084.382727400088,
        "RMSE": 45.655040547568106,
        "MAE": 35.70475479695718,
        "MAPE": 4.438144674337736,
        "R\u00b2": 0.7722491586008051,
        "SMAPE": 4.382418650063631,
        "Bias": 10.351520242303748
    }
}