{
    "timestamp": "2025-10-27T16:17:56.722273",
    "model_type": "RandomForestRegressor",
    "explainer_type": "tree",
    "n_features": 29,
    "n_samples": 71,
    "shap_available": true,
    "feature_importance": {
        "year": 0.0,
        "month": 0.0011897524797326614,
        "day": 0.018991392393318155,
        "day_of_week": 0.08725340642655956,
        "day_of_year": 0.01705225065769941,
        "week_of_year": 0.004860525712121473,
        "quarter": 0.0003542574621243368,
        "is_weekend": 0.000897614413529763,
        "is_month_start": 0.0002034130760815996,
        "is_month_end": 0.0002420185396560345,
        "is_quarter_start": 0.00037037637814202096,
        "is_quarter_end": 5.965596429399391e-05,
        "month_sin": 0.0026346585568306556,
        "month_cos": 0.0038947077645142486,
        "day_of_week_sin": 0.020404594076473444,
        "day_of_week_cos": 0.016737600623658793,
        "views_lag_1": 0.043330066980823305,
        "views_lag_7": 0.13700637906607616,
        "views_lag_14": 0.2933582446797224,
        "views_rolling_mean_7": 0.09282698265626546,
        "views_rolling_std_7": 0.03055308318440662,
        "views_rolling_min_7": 0.03655293520284292,
        "views_rolling_max_7": 0.0592359286690679,
        "views_rolling_mean_14": 0.07042283503191271,
        "views_rolling_std_14": 0.030244274841636106,
        "views_rolling_min_14": 0.009006665989696344,
        "views_rolling_max_14": 0.013704909007613718,
        "category_B": 0.004516664905321816,
        "category_C": 0.0040948052598785934
    },
    "shap_summary": {
        "mean_abs_shap": 2.0305819393558315,
        "max_abs_shap": 23.548079450970338,
        "min_abs_shap": 0.0
    }
}