{
    "timestamp": "2025-10-23T11:11:20.963240",
    "model_type": "GradientBoostingRegressor",
    "explainer_type": "tree",
    "n_features": 29,
    "n_samples": 71,
    "shap_available": true,
    "feature_importance": {
        "year": 0.0,
        "month": 0.0012759301993656407,
        "day": 0.01887988518988118,
        "day_of_week": 0.24968521608096508,
        "day_of_year": 0.008456992036322166,
        "week_of_year": 0.0008518293884579869,
        "quarter": 0.00042222369309527914,
        "is_weekend": 0.000375438590798856,
        "is_month_start": 0.0,
        "is_month_end": 3.470733214784503e-05,
        "is_quarter_start": 0.00021071481935303329,
        "is_quarter_end": 0.0002005546845054884,
        "month_sin": 0.0008898856779040041,
        "month_cos": 0.0007549119170280283,
        "day_of_week_sin": 0.011372134109473355,
        "day_of_week_cos": 0.022294098226687792,
        "views_lag_1": 0.03544760081424278,
        "views_lag_7": 0.0443190979291433,
        "views_lag_14": 0.06554224567173371,
        "views_rolling_mean_7": 0.31023736331925433,
        "views_rolling_std_7": 0.049968928665072236,
        "views_rolling_min_7": 0.03405552575101178,
        "views_rolling_max_7": 0.02403977924900393,
        "views_rolling_mean_14": 0.07408567602925417,
        "views_rolling_std_14": 0.026045486590299274,
        "views_rolling_min_14": 0.006418195269356278,
        "views_rolling_max_14": 0.0008705370706316429,
        "category_B": 0.002381362941380016,
        "category_C": 0.010883678753630884
    },
    "shap_summary": {
        "mean_abs_shap": 2.611994437578575,
        "max_abs_shap": 35.34151259967601,
        "min_abs_shap": 0.0
    }
}